Date,Max temperature (°C),Min temperature (°C),Mean temperature (°C),Rainfall (mm),Hours of rain,Max wind speed (km/h),Hours of sunshine
2026-06-28,32.3,26.4,29.3,1.5,9,14.8,11.0
2026-06-29,32.1,26.8,29.4,3.5,17,14.0,11.3
2026-06-30,29.0,23.8,26.9,5.2,15,12.9,7.4
2026-07-01,31.0,26.2,28.3,0.8,7,23.4,11.0
2026-07-02,28.8,24.9,27.5,1.9,9,11.1,9.0
2026-07-03,30.4,26.9,28.2,2.0,7,11.0,11.4
2026-07-04,32.3,27.5,29.4,0.4,4,14.3,11.2
2026-07-05,31.3,27.2,29.0,3.8,8,12.8,11.7
2026-07-06,32.6,24.7,28.3,5.9,14,11.5,10.9
2026-07-07,32.9,26.9,29.3,1.5,9,16.6,11.5
2026-07-08,30.1,25.2,27.7,8.0,21,13.0,11.1
2026-07-09,29.7,26.0,27.7,4.7,9,16.6,10.9
2026-07-10,32.2,26.4,29.1,1.3,10,12.9,11.6
2026-07-11,31.6,25.5,28.7,6.4,13,17.3,11.9
2026-07-12,30.7,27.1,28.7,1.3,8,21.1,11.7
2026-07-13,32.1,27.4,29.5,1.5,8,17.6,11.2
2026-07-14,32.8,27.6,29.5,1.6,9,16.3,10.2
2026-07-15,32.5,28.0,29.6,1.4,7,14.3,11.9
2026-07-16,33.5,27.2,29.6,2.4,11,13.8,11.1
2026-07-17,30.2,26.4,28.1,1.6,10,14.1,10.6
2026-07-18,33.7,26.5,28.9,2.5,12,12.8,11.1
2026-07-19,33.7,26.2,29.5,0.0,0,13.5,11.7
2026-07-20,32.4,27.2,29.4,1.6,6,11.7,11.9
2026-07-21,32.3,24.9,28.2,0.8,5,12.2,11.5
2026-07-22,30.6,26.2,27.8,3.6,10,13.5,11.1
2026-07-23,29.3,24.6,27.3,5.9,10,17.1,10.9
2026-07-24,31.9,26.3,28.5,2.8,13,16.7,11.8
2026-07-25,31.3,25.8,28.4,9.1,14,15.7,6.5
2026-07-26,29.0,24.8,27.0,7.6,15,13.8,9.2
2026-07-27,31.3,26.9,28.6,0.3,3,14.7,11.1
2026-07-28,31.1,26.7,28.3,2.1,8,13.7,8.2
2026-07-29,31.4,26.7,28.5,1.0,7,12.7,11.6
2026-07-30,31.0,26.5,28.5,2.0,8,13.7,10.0
2026-07-31,31.9,26.1,28.6,1.0,6,12.0,10.8
2026-08-01,31.9,25.4,28.6,2.4,8,15.2,10.6
2026-08-02,32.3,26.7,29.2,0.2,2,13.7,11.8
2026-08-03,33.0,27.2,29.6,0.4,3,14.8,11.7
2026-08-04,32.5,25.2,29.5,1.8,6,17.3,11.8
2026-08-05,34.1,27.3,30.0,0.2,2,14.9,11.6
2026-08-06,32.4,25.6,28.8,5.5,13,15.8,11.0
2026-08-07,31.7,26.1,28.9,2.8,7,18.3,10.2
2026-08-08,32.5,27.7,29.6,0.5,4,18.4,11.5
2026-08-09,32.8,27.7,29.8,0.0,0,16.3,11.4
2026-08-10,32.9,27.3,29.6,0.0,0,17.5,9.5
2026-08-11,32.3,27.2,29.4,0.4,4,17.6,10.9
2026-08-12,32.9,26.6,29.4,0.0,0,15.5,10.7
2026-08-13,32.0,27.3,29.3,0.5,5,15.7,8.8
2026-08-14,33.5,27.1,30.0,0.3,3,15.7,11.0
2026-08-15,33.1,26.4,29.6,2.2,6,13.2,11.6
2026-08-16,33.2,26.4,29.2,3.5,6,15.3,11.2
2026-08-17,32.7,24.9,28.9,0.4,4,15.9,11.0
2026-08-18,32.8,27.8,29.9,0.6,4,12.6,11.0
2026-08-19,32.4,24.2,28.9,2.3,8,16.4,11.1
2026-08-20,32.6,23.7,28.5,1.5,5,18.1,10.8
2026-08-21,33.1,27.1,29.7,0.4,3,19.2,11.7
2026-08-22,33.6,27.0,29.7,0.1,1,15.9,11.7
2026-08-23,33.3,27.0,29.8,0.0,0,17.1,11.5
2026-08-24,32.8,27.1,29.6,0.1,1,18.4,11.9
2026-08-25,33.7,27.2,29.8,0.4,4,15.0,11.5
2026-08-26,30.0,25.2,27.9,1.6,6,13.0,10.3
2026-08-27,32.1,25.0,28.3,1.5,4,16.9,10.8
2026-08-28,32.8,27.3,29.4,0.6,5,18.6,11.3
2026-08-29,33.3,27.2,29.7,0.3,3,16.3,11.8
2026-08-30,32.2,26.5,29.1,0.1,1,14.3,8.6
2026-08-31,29.5,24.3,27.9,6.4,3,17.0,9.3
2026-09-01,33.1,26.4,29.3,1.0,7,18.2,11.6
2026-09-02,33.3,27.6,29.8,0.5,3,16.6,11.9
2026-09-03,33.0,26.9,29.3,0.1,1,15.1,11.9
2026-09-04,32.8,26.8,29.3,0.6,4,17.4,11.9
2026-09-05,33.8,27.3,29.6,0.1,1,17.1,11.9
2026-09-06,32.6,27.2,29.4,0.2,2,17.2,11.0
2026-09-07,33.2,27.1,29.5,2.0,7,14.9,11.9
2026-09-08,32.6,26.7,29.3,0.0,0,13.8,11.7
2026-09-09,33.2,27.5,29.9,0.7,5,15.2,11.9
2026-09-10,30.0,24.4,28.0,8.4,8,11.6,9.3
2026-09-11,29.4,25.4,27.1,28.5,15,11.5,5.9
2026-09-12,29.9,24.9,27.3,6.5,10,9.5,9.5
2026-09-13,32.2,26.7,29.1,0.5,5,15.4,11.6
2026-09-14,32.0,26.9,29.0,1.7,10,14.9,11.9
2026-09-15,32.8,26.8,29.2,0.5,5,15.2,10.5
2026-09-16,32.7,26.6,29.3,0.0,0,13.8,11.8
2026-09-17,32.5,26.7,29.4,0.7,5,13.2,11.5
2026-09-18,33.0,26.6,29.4,1.5,2,13.8,10.8
2026-09-19,33.4,26.0,28.6,6.7,10,14.3,10.2
2026-09-20,31.1,26.2,28.5,9.5,11,11.9,10.2
2026-09-21,32.4,25.8,28.4,3.7,10,10.0,9.9
2026-09-22,28.4,25.5,26.6,17.2,18,12.7,5.1
2026-09-23,31.2,24.9,27.9,4.8,10,11.6,10.6
2026-09-24,29.9,24.6,27.8,1.7,6,9.8,11.2
2026-09-25,33.8,25.8,28.7,2.0,8,17.3,7.6
